n_games,season_min,season_max,n_seasons,accuracy,brier,log_loss,base_home_acc
87138,2011,2026,16,0.7811058321283482,0.14906606768778846,0.4542655320331341,0.6402143726043746
